Multiplier,Percent of Expeditions,Hunters
100,4.930095673,8
90,3.433897257,7
89,10.76,5
87,9.835663795,5
85,6.548933029,5
83,5.445180416,5
82,6.2,5
80,4.145204544,5
79,5.445180416,5
77,4.562178135,5
73,11.30733395,4
70,8.167770386,4
60,3.654648066,4
55,2.649006605,4
52,1.93766,4
47,3.016924381,3
41,1.888643622,3
35,1.152808428,3
30,,3
27,,3
24,1.520725965,2
21,,2
17,0.6131959558,2
15,,2
12,,2